{"b1329":0.0067,"b3236":2.85,"b0688":0.13,"b0586":0.0101,"b3772":0.013,"b3850":0.00371,"b3428":0.0208,"b0635":0.000878,"b1588":6.13e-7,"b4478":0.000659,"b2143":0.0134,"b4238":0.004,"b0757":0.0254,"b2988":0.0215,"b1619":0.00875,"b2341":0.00309,"b2515":0.0398,"b3751":0.259,"b3189":0.0483,"b2529":0.216,"b0754":0.421,"b0572":0.123,"b1400":0.000262,"b0386":0.0256,"b4160":0.0966,"b2309":0.508,"b2662":0.0455,"b3198":0.00673,"b2393":0.00878,"b1518":7.25e-5,"b3939":0.132,"b4467":1.99e-5,"b0118":1.18,"b2288":0.0119,"b0722":0.000626,"b0588":0.000573,"b0179":0.00509,"b0651":0.00805,"b3845":0.0288,"b1264":0.104,"b2827":0.0193,"b2293":0.0465,"b3389":0.0197,"b4240":0.00125,"b0431":0.118,"b0469":0.101,"b4392":0.00974,"b1250":0.00417,"b1215":0.135,"b2036":0.0596,"b3493":0.0185,"b2926":2.73,"b2040":0.0413,"b2435":0.00397,"b1646":0.0101,"b3959":0.288,"b1651":0.0486,"b0160":0.000239,"b3617":0.0123,"b1857":0.0243,"b2027":0.099,"b1415":0.304,"b3256":0.148,"b2173":0.00327,"b0575":0.0678,"b3035":0.435,"b2765":0.00645,"b0585":0.000354,"b4090":0.00092,"b2889":0.00057,"b2903":0.0584,"b0932":0.213,"b1849":0.167,"b0126":0.152,"b3725":0.00545,"b1738":0.00956,"b0091":0.0387,"b2787":7.49e-5,"b3528":0.00278,"b3460":1.49,"b2165":0.000387,"b0312":0.0075,"b3870":1.54,"b3650":0.00182,"b2678":0.00186,"b2328":0.000343,"b3553":0.105,"b3833":0.0433,"b4039":0.00481,"b2780":0.0962,"b2668":0.0149,"b2281":0.01,"b0632":0.0994,"b0388":0.0216,"b4219":0.0266,"b0854":0.205,"b0903":0.654,"b3806":0.000516,"b0774":0.0109,"b2470":0.00017,"b1740":0.2,"b1511":0.000537,"b0459":0.00226,"b1059":0.0552,"b1002":0.038,"b0381":0.00916,"b3359":0.285,"b4386":0.00392,"b2150":0.191,"b2235":0.0324,"b3008":0.153,"b4388":0.0109,"b1967":0.0325,"b2400":0.229,"b2019":0.223,"b0242":0.044,"b1197":0.00695,"b3714":0.0071,"b0334":0.00836,"b0420":0.0335,"b3957":0.151,"b0809":0.0309,"b1490":0.000653,"b3458":0.173,"b3735":0.247,"b2747":0.00287,"b3634":0.00182,"b0662":0.00221,"b3728":0.0187,"b2149":0.00237,"b3962":0.038,"b4129":0.0473,"b2424":0.013,"b1812":0.00302,"b3416":0.00841,"b2913":0.832,"b0103":0.00268,"b2093":0.109,"b3366":0.0002,"b3454":0.00958,"b1746":0.000472,"b1261":0.383,"b4383":0.0745,"b2476":0.367,"b1126":0.0178,"b0411":0.074,"b4169":0.00122,"b4226":0.273,"b3843":0.0225,"b3590":0.00556,"b1098":0.00803,"b1449":0.0413,"b3425":0.000257,"b0822":0.00683,"b3623":0.000181,"b1927":0.0102,"b4213":0.0158,"b0573":0.599,"b0867":0.0028,"b4242":0.0108,"b3128":0.000837,"b3616":0.0112,"b2836":0.000845,"b1192":0.00597,"b1308":0.00221,"b3291":0.0349,"b2963":2.42e-5,"b4154":0.004,"b1232":0.122,"b0207":0.00442,"b1300":0.0102,"b3729":0.447,"b3125":0.00134,"b1676":0.749,"b3770":0.148,"b1539":0.0855,"b0605":2.01,"b3732":2.02,"b2092":0.0466,"b1487":0.00151,"b2024":0.0915,"b3960":0.241,"b1732":0.165,"b2422":0.048,"b0830":0.0296,"b1918":0.00542,"b0918":0.025,"b3857":0.000804,"b4269":6.19e-5,"b0811":0.305,"b0721":0.0204,"b3476":0.000409,"b1252":0.00466,"b1680":0.0374,"b0828":0.00371,"b4254":0.0493,"b2415":0.375,"b1103":0.0437,"b2965":0.0113,"b2133":0.0652,"b0657":0.00447,"b0115":0.993,"b2688":0.0531,"b0776":0.00498,"b0596":0.00617,"b1606":0.0017,"b1852":0.114,"b1064":0.108,"b2240":0.00446,"b0954":0.065,"b1981":0.0027,"b2552":0.0108,"b3447":0.0176,"b3945":0.00344,"b2752":0.0759,"b0604":0.00594,"b0463":0.17,"b1236":0.0885,"b2279":0.00412,"b0237":0.211,"b2781":9.0e-5,"b3182":0.000718,"b3456":0.00541,"b2599":0.113,"b4468":5.44e-7,"b1441":0.00147,"b1124":0.00147,"b0929":1.57,"b2154":0.0067,"b0124":0.00623,"b3831":0.0777,"b3788":0.00272,"b1389":4.47e-7,"b0908":0.157,"b1330":0.000151,"b3437":0.000515,"b0444":0.013,"b3544":0.494,"b2942":0.87,"b4041":0.0292,"b2935":0.465,"b3212":0.775,"b0198":0.0232,"b3781":0.41,"b1224":3.77e-5,"b1896":0.0177,"b3177":0.0113,"b2925":1.3,"b0002":0.843,"b1813":0.000341,"b1199":0.00355,"b0088":0.00633,"b4214":0.0413,"b0096":0.0074,"b2518":0.299,"b0888":0.255,"b2564":0.0282,"b0325":0.0928,"b2310":0.286,"b2094":0.159,"b3941":0.241,"b2315":0.0275,"b2239":0.0111,"b4054":0.128,"b2750":0.0309,"b4173":0.0192,"b0678":0.0272,"b3223":0.000884,"b1634":8.97e-7,"b0421":0.000595,"b3805":0.0126,"b1704":0.0193,"b0121":0.0557,"b2418":0.00264,"b1661":0.00517,"b3199":0.00209,"b1779":2.77,"b2022":0.187,"b2034":0.0494,"b0475":0.00112,"b1216":0.00277,"b3281":0.00591,"b3432":0.0106,"b4245":0.508,"b2947":0.0754,"b1919":0.0575,"b0729":0.342,"b2425":0.244,"b2290":0.00759,"b2904":0.0148,"b0945":0.0942,"b0003":0.0331,"b1193":0.00628,"b2025":0.0485,"b0606":0.227,"b3908":0.83,"b0222":0.116,"b2285":0.0231,"b2563":0.00108,"b3409":0.00119,"b0723":0.223,"b0430":0.000673,"b4239":0.000408,"b2582":0.00663,"b3894":0.00244,"b1270":0.00601,"b3255":0.0712,"b3433":0.914,"b1107":0.00816,"b4070":6.67e-7,"b3708":0.0537,"b0394":0.0108,"b0829":0.000807,"b3749":0.00166,"b0032":0.636,"b1227":9.29e-7,"b1679":0.000123,"b2784":0.00895,"b0733":0.0333,"b2937":0.0714,"b2021":0.144,"b3974":0.0166,"b1092":0.182,"b0123":0.097,"b3967":0.00344,"b0652":0.00364,"b0724":0.11,"b1136":2.56,"b2286":0.106,"b3892":6.78e-6,"b2215":2.25,"b1062":0.289,"b2893":0.0604,"b2423":0.00212,"b4153":0.00741,"b1102":0.00251,"b1623":0.0153,"b2499":0.156,"b1288":0.232,"b4055":0.00365,"b1584":0.00328,"b3018":0.00195,"b2095":0.11,"b1198":0.0291,"b0414":0.013,"b2528":0.0278,"b2533":0.0696,"b1682":0.0287,"b0030":0.00229,"b3816":0.0168,"b2282":0.00798,"b2323":0.952,"b0759":0.0384,"b4031":7.63e-5,"b4352":0.00974,"b1917":0.0172,"b0112":0.0165,"b2927":0.00692,"b0365":0.000294,"b3744":0.107,"b4111":0.0244,"b2291":0.00221,"b3917":0.0825,"b0493":0.00192,"b2091":0.00796,"b2914":0.105,"b3972":0.00347,"b3365":0.000469,"b3919":0.333,"b2502":0.00297,"b2813":0.00164,"b0831":0.00406,"b3248":0.00729,"b2344":0.038,"b1991":0.00511,"b2901":0.0339,"b2498":0.871,"b3126":0.00015,"b0104":0.071,"b3073":0.00282,"b3032":0.00873,"b0186":0.000769,"b2241":0.00139,"b2020":0.264,"b0480":0.0367,"b1131":0.165,"b1870":0.0256,"b3540":0.0192,"b4485":3.09e-5,"b2478":0.186,"b4167":0.00436,"b1611":0.0417,"b1119":0.000515,"b0131":0.0152,"b2799":0.00279,"b2320":0.0506,"b4015":2.22,"b1392":5.4e-7,"b0086":0.0418,"b0199":0.0683,"b0150":0.119,"b3656":0.000109,"b2416":1.07,"b4088":0.00103,"b0109":0.0343,"b0849":0.00228,"b0677":0.0192,"b2579":0.0213,"b0827":0.0394,"b2440":0.000628,"b3821":0.00117,"b0181":0.0454,"b1243":0.581,"b4382":0.0106,"b0197":1.46,"b2312":0.0722,"b3812":0.0111,"b3927":0.00226,"b2253":0.00104,"b0783":0.00915,"b1764":0.0431,"b1385":0.000674,"b0029":0.0129,"b0238":0.0952,"b0485":0.00301,"b3200":0.0361,"b0429":0.00271,"b2148":3.15e-5,"b4367":2.65e-5,"b1778":0.0333,"b4262":0.00583,"b2905":0.0441,"b2989":0.0413,"b2302":0.000826,"b0268":0.00231,"b4053":0.000946,"b2146":7.95e-5,"b0523":0.106,"b4013":0.159,"b1341":0.000263,"b2501":0.00806,"b2797":0.00303,"b2033":0.00148,"b1493":0.000572,"b0432":0.151,"b3730":0.0334,"b1245":0.00525,"b3856":0.000397,"b2523":0.242,"b0914":0.0162,"b3172":0.689,"b0417":0.00597,"b2155":0.0705,"b3860":0.159,"b2168":0.00316,"b4291":0.000222,"b0125":0.0428,"b3996":0.00722,"b1241":0.774,"b0595":0.0131,"b0870":0.0191,"b2296":0.22,"b2283":0.155,"b0957":7.38,"b1613":0.065,"b1281":0.0658,"b3829":7.25,"b1277":0.0112,"b3738":0.0581,"b3734":1.33,"b4036":0.0747,"b1525":0.00141,"b1817":0.133,"b3893":0.000228,"b4019":0.095,"b3966":0.0767,"b4020":0.000299,"b0886":0.00802,"b2153":0.584,"b1677":0.675,"b3417":0.0412,"b4390":0.00123,"b0763":0.0343,"b0863":0.0861,"b0185":0.224,"b2342":0.00174,"b2262":0.0293,"b3640":0.0847,"b0008":0.621,"b4014":0.439,"b3642":0.00087,"b1210":0.000464,"b2131":0.0064,"b2417":1.01,"b1982":0.0381,"b2779":2.74,"b0403":0.000104,"b3771":0.13,"b1850":0.134,"b1521":0.000212,"b0597":0.000436,"b0720":0.77,"b0134":0.121,"b0594":0.00905,"b3503":5.36e-5,"b3737":0.00391,"b0641":0.0109,"b3028":0.0162,"b0928":0.505,"b3752":0.00351,"b3785":0.00915,"b2287":0.0127,"b1767":0.0341,"b2818":0.0271,"b3572":0.0429,"b2023":0.0566,"b2721":0.000118,"b2979":0.00299,"b1095":0.137,"b1656":0.149,"b0009":0.00166,"b1390":2.87e-5,"b1516":0.00519,"b2366":0.0053,"b3089":0.00416,"b0031":0.147,"b2906":0.00123,"b1448":0.00241,