{"ACALD":[[568.3727211652296,568.3727211652296],[568.3727211652296,568.3727211652296]],"PTAr":[[1172.5077963403442,1172.5077963403442],[1172.5077963403442,1172.5077963403442]],"ALCD2x":[[75.96498052705897,75.96498052705897],[75.96498052705897,75.96498052705897],[75.96498052705897,75.96498052705897]],"PDH":[[530.2869378407569,530.2869378407569]],"PYK":[[422.1706366356768,422.1706366356768],[422.1706366356768,422.1706366356768]],"MALt2_2":[[234.0,234.0]],"CS":[[113.36883615640728,113.36883615640728]],"PGM":[[681.727987248966,681.727987248966],[681.727987248966,681.727987248966],[681.727987248966,681.727987248966]],"TKT1":[[311.13689035541256,311.13689035541256],[311.13689035541256,311.13689035541256]],"ACONTa":[[190.97324015809895,190.97324015809895],[190.97324015809895,190.97324015809895]],"GLNS":[[89.7487902068706,89.7487902068706],[89.7487902068706,89.7487902068706]],"ICL":[[17.457127192400257,17.457127192400257]],"FBA":[[372.82276089232204,372.82276089232204],[372.82276089232204,372.82276089232204],[372.82276089232204,372.82276089232204]],"FORt2":[[234.0,234.0],[234.0,234.0]],"G6PDH2r":[[589.2434274074257,589.2434274074257]],"AKGDH":[[264.72645787687344,264.72645787687344]],"TKT2":[[467.9597259481932,467.9597259481932],[467.9597259481932,467.9597259481932]],"FRD7":[[175.6967702107579,175.6967702107579]],"SUCOAS":[[18.49173650137199,18.49173650137199]],"FBP":[[568.2955846070915,568.2955846070915],[568.2955846070915,568.2955846070915]],"ICDHyr":[[39.6,39.6]],"AKGt2r":[[234.0,234.0]],"GLUSy":[[33.27974166099802,33.27974166099802]],"TPI":[[698.0636611599804,698.0636611599804]],"FORt":[[234.0,234.0],[234.0,234.0]],"ACONTb":[[159.77616333332725,159.77616333332725],[159.77616333332725,159.77616333332725]],"GLNabc":[[234.0,234.0]],"RPE":[[1769.58087745572,1769.58087745572],[1769.58087745572,1769.58087745572]],"ACKr":[[555.4688956758577,555.4688956758577],[555.4688956758577,555.4688956758577],[555.4688956758577,555.4688956758577]],"THD2":[[24.72139641280248,24.72139641280248]],"PFL":[[96.56998928983441,96.56998928983441],[96.56998928983441,96.56998928983441],[96.56998928983441,96.56998928983441],[96.56998928983441,96.56998928983441]],"RPI":[[51.78180871640917,51.78180871640917],[51.78180871640917,51.78180871640917]],"D_LACt2":[[234.0,234.0],[234.0,234.0]],"TALA":[[108.95634443042496,108.95634443042496],[108.95634443042496,108.95634443042496]],"PPCK":[[218.67750627123635,218.67750627123635]],"PGL":[[2119.491467550515,2119.491467550515]],"NADTRHD":[[186.95282505105277,186.95282505105277],[186.95282505105277,186.95282505105277]],"PGK":[[57.63603754192104,57.63603754192104]],"LDH_D":[[31.16318212527426,31.16318212527426],[31.16318212527426,31.16318212527426]],"ME1":[[487.2190318817185,487.2190318817185]],"PIt2r":[[234.0,234.0],[234.0,234.0]],"ATPS4r":[[1423.7517976969284,1423.7517976969284]],"GLCpts":[[234.0,234.0],[234.0,234.0],[234.0,234.0]],"GLUDy":[[105.3296824827708,105.3296824827708]],"CYTBD":[[30.65860147645847,30.65860147645847]],"FUMt2_2":[[234.0,234.0]],"FRUpts2":[[234.0,234.0]],"GAPD":[[128.7538611287382,128.7538611287382]],"PPC":[[165.6,165.6]],"NADH16":[[194.24728503564086,194.24728503564086]],"PFK":[[1000.8000000000001,1000.8000000000001],[1000.8000000000001,1000.8000000000001]],"MDH":[[25.92,25.92]],"PGI":[[467.800868037744,467.800868037744]],"ME2":[[442.7768632493736,442.7768632493736]],"GND":[[240.34031395867655,240.34031395867655]],"SUCCt2_2":[[234.0,234.0]],"GLUN":[[44.75266761190788,44.75266761190788],[44.75266761190788,44.75266761190788],[44.75266761190788,44.75266761190788]],"ADK1":[[111.60000000000001,111.60000000000001]],"SUCDi":[[680.1279737060448,680.1279737060448]],"ENO":[[209.4655542197022,209.4655542197022]],"MALS":[[252.5974434116968,252.5974434116968],[252.5974434116968,252.5974434116968]],"GLUt2r":[[234.0,234.0]],"PPS":[[705.0847627932048,705.0847627932048]],"FUM":[[1576.8461604257352,1576.8461604257352],[1576.8461604257352,1576.8461604257352],[1576.8461604257352,1576.8461604257352]]}