Condition,Rloss,Ploss,RlossSTD,PlossSTD
WT,0.40746567418872426,0.2909201511196155,0.01651625690684356,0.031086349360740863
pgi,0.3965517844266181,0.28685338450475345,0.020178821731627605,0.02903481300007537
pts,0.41063529936885046,0.2980955747014042,0.0045893954588205315,0.018449678276471006
sdh,0.4056336885421694,0.26934821333926084,0.01712495107762628,0.007221790434133733
tpi,0.38367491752561256,0.27573443995610264,0.012248077362948638,0.007167725265748252
