Condition,Rloss,Ploss,RlossSTD,PlossSTD
WT,0.40746567418872426,0.29145379046277775,0.01651625690684356,0.031215640768058904
pgi,0.3965517844266181,0.2868897948508055,0.020178821731627605,0.028518528346668535
pts,0.41063529936885046,0.2970653830869747,0.0045893954588205315,0.017037002420234787
sdh,0.4056336885421694,0.2699695207929636,0.01712495107762628,0.0074733723129460465
tpi,0.38367491752561256,0.27645900587595484,0.012248077362948638,0.007178546352495121
