Condition,Rloss,Ploss,RlossSTD,PlossSTD
WT,0.40636826379561597,0.29811938663741777,0.01738680951360674,0.030586449287292893
pgi,0.39650280747564987,0.29397071573671846,0.02022198620340391,0.027604805872382582
pts,0.4104079583941344,0.3073893282998222,0.004557802515952787,0.0158459126140801
sdh,0.40525815520052233,0.27995285363687356,0.017101155337706335,0.006469842785267459
tpi,0.3834833395901711,0.2841720675767924,0.0118064174475174,0.00809151783407796
