Condition,Rloss,Ploss,RlossSTD,PlossSTD
WT,0.40746567418872426,0.2982475823923528,0.01651625690684356,0.030732586290832364
pgi,0.3965517844266181,0.2955332926105573,0.020178821731627605,0.026718794843035115
pts,0.41063529936885046,0.3096362134964172,0.0045893954588205315,0.01709326402909765
sdh,0.4056336885421694,0.2799667692015644,0.01712495107762628,0.006429893601854406
tpi,0.38367491752561256,0.2840601784105129,0.012248077362948638,0.008550907887231429
